Regiao do Pais,UF,Codigo Macrorregiao Interestadual de Saude,Macrorregiao Interestadual de Saude,Codigo Macrorregiao de Saude,Macrorregiao de Saude,Codigo Regiao de Saude,Regiao de Saude,Codigo Municipio,Municipio,Populacao Estimada IBGE 2022
Sudeste,Sao Paulo,-,-,3518,RRAS9,35062,BAURU,350600,Bauru,379.146
Sudeste,Sao Paulo,-,-,3518,RRAS9,35063,POLO CUESTA,350750,Botucatu,145.155
Sudeste,Sao Paulo,-,-,3518,RRAS9,35064,JAU,352530,Jau,133.497
Sudeste,Sao Paulo,-,-,3518,RRAS9,35061,VALE DO JURUMIRIM,350450,Avare,92.805
Sudeste,Sao Paulo,-,-,3518,RRAS9,35065,LINS,352710,Lins,74.779
Sudeste,Sao Paulo,-,-,3518,RRAS9,35062,BAURU,352680,Lencois Paulista,66.505
Sudeste,Sao Paulo,-,-,3518,RRAS9,35062,BAURU,353670,Pederneiras,44.827
Sudeste,Sao Paulo,-,-,3518,RRAS9,35062,BAURU,350070,Agudos,37.680
Sudeste,Sao Paulo,-,-,3518,RRAS9,35063,POLO CUESTA,355010,Sao Manuel,37.289
Sudeste,Sao Paulo,-,-,3518,RRAS9,35065,LINS,354160,Promissao,35.131
Sudeste,Sao Paulo,-,-,3518,RRAS9,35064,JAU,350530,Barra Bonita,34.346
Sudeste,Sao Paulo,-,-,3518,RRAS9,35064,JAU,350520,Bariri,31.595
Sudeste,Sao Paulo,-,-,3518,RRAS9,35061,VALE DO JURUMIRIM,353880,Piraju,29.436
Sudeste,Sao Paulo,-,-,3518,RRAS9,35063,POLO CUESTA,352640,Laranjal Paulista,26.261
Sudeste,Sao Paulo,-,-,3518,RRAS9,35061,VALE DO JURUMIRIM,352180,Itai,25.180
Sudeste,Sao Paulo,-,-,3518,RRAS9,35064,JAU,351410,Dois Corregos,24.510
Sudeste,Sao Paulo,-,-,3518,RRAS9,35061,VALE DO JURUMIRIM,355380,Taquarituba,24.350
Sudeste,Sao Paulo,-,-,3518,RRAS9,35064,JAU,350790,Brotas,23.898
Sudeste,Sao Paulo,-,-,3518,RRAS9,35064,JAU,352000,Igaracu do Tiete,23.106
Sudeste,Sao Paulo,-,-,3518,RRAS9,35062,BAURU,353890,Pirajui,22.431
Sudeste,Sao Paulo,-,-,3518,RRAS9,35061,VALE DO JURUMIRIM,351140,Cerqueira Cesar,21.469
Sudeste,Sao Paulo,-,-,3518,RRAS9,35061,VALE DO JURUMIRIM,353580,Paranapanema,19.395
Sudeste,Sao Paulo,-,-,3518,RRAS9,35063,POLO CUESTA,352350,Itatinga,19.070
Sudeste,Sao Paulo,-,-,3518,RRAS9,35062,BAURU,352800,Macatuba,16.829
Sudeste,Sao Paulo,-,-,3518,RRAS9,35065,LINS,350880,Cafelandia,16.654
Sudeste,Sao Paulo,-,-,3518,RRAS9,35061,VALE DO JURUMIRIM,351540,Fartura,16.641
Sudeste,Sao Paulo,-,-,3518,RRAS9,35063,POLO CUESTA,351230,Conchas,15.232
Sudeste,Sao Paulo,-,-,3518,RRAS9,35062,BAURU,353940,Piratininga,15.108
Sudeste,Sao Paulo,-,-,3518,RRAS9,35061,VALE DO JURUMIRIM,352280,Itaporanga,14.085
Sudeste,Sao Paulo,-,-,3518,RRAS9,35064,JAU,352290,Itapui,13.659
Sudeste,Sao Paulo,-,-,3518,RRAS9,35061,VALE DO JURUMIRIM,355300,Taguai,12.669
Sudeste,Sao Paulo,-,-,3518,RRAS9,35062,BAURU,351450,Duartina,12.328
Sudeste,Sao Paulo,-,-,3518,RRAS9,35064,JAU,350680,Bocaina,11.259
Sudeste,Sao Paulo,-,-,3518,RRAS9,35065,LINS,351720,Guaicara,11.239
Sudeste,Sao Paulo,-,-,3518,RRAS9,35064,JAU,352980,Mineiros do Tiete,11.230
Sudeste,Sao Paulo,-,-,3518,RRAS9,35063,POLO CUESTA,350690,Bofete,10.460
Sudeste,Sao Paulo,-,-,3518,RRAS9,35063,POLO CUESTA,354050,Porangaba,10.451
Sudeste,Sao Paulo,-,-,3518,RRAS9,35062,BAURU,351910,Iacanga,10.437
Sudeste,Sao Paulo,-,-,3518,RRAS9,35065,LINS,351700,Getulina,10.232
Sudeste,Sao Paulo,-,-,3518,RRAS9,35063,POLO CUESTA,350360,Areiopolis,10.130
Sudeste,Sao Paulo,-,-,3518,RRAS9,35061,VALE DO JURUMIRIM,352860,Manduri,9.871
Sudeste,Sao Paulo,-,-,3518,RRAS9,35064,JAU,355470,Torrinha,9.335
Sudeste,Sao Paulo,-,-,3518,RRAS9,35063,POLO CUESTA,353750,Pereiras,8.737
Sudeste,Sao Paulo,-,-,3518,RRAS9,35062,BAURU,350340,Arealva,8.130
Sudeste,Sao Paulo,-,-,3518,RRAS9,35061,VALE DO JURUMIRIM,351925,Iaras,8.010
Sudeste,Sao Paulo,-,-,3518,RRAS9,35062,BAURU,354250,Reginopolis,7.662
Sudeste,Sao Paulo,-,-,3518,RRAS9,35061,VALE DO JURUMIRIM,350055,Aguas de Santa Barbara,7.177
Sudeste,Sao Paulo,-,-,3518,RRAS9,35063,POLO CUESTA,353610,Pardinho,7.153
Sudeste,Sao Paulo,-,-,3518,RRAS9,35061,VALE DO JURUMIRIM,350310,Arandu,6.885
Sudeste,Sao Paulo,-,-,3518,RRAS9,35063,POLO CUESTA,350230,Anhembi,5.674
Sudeste,Sao Paulo,-,-,3518,RRAS9,35063,POLO CUESTA,354105,Pratania,5.126
Sudeste,Sao Paulo,-,-,3518,RRAS9,35065,LINS,354460,Sabino,5.112
Sudeste,Sao Paulo,-,-,3518,RRAS9,35064,JAU,350730,Boraceia,4.715
Sudeste,Sao Paulo,-,-,3518,RRAS9,35062,BAURU,350430,Avai,4.483
Sudeste,Sao Paulo,-,-,3518,RRAS9,35062,BAURU,350830,Cabralia Paulista,4.299
Sudeste,Sao Paulo,-,-,3518,RRAS9,35061,VALE DO JURUMIRIM,351260,Coronel Macedo,4.280
Sudeste,Sao Paulo,-,-,3518,RRAS9,35061,VALE DO JURUMIRIM,355420,Tejupa,4.127
Sudeste,Sao Paulo,-,-,3518,RRAS9,35062,BAURU,350470,Balbinos,3.887
Sudeste,Sao Paulo,-,-,3518,RRAS9,35062,BAURU,354110,Presidente Alves,3.804
Sudeste,Sao Paulo,-,-,3518,RRAS9,35061,VALE DO JURUMIRIM,355120,Sarutaia,3.704
Sudeste,Sao Paulo,-,-,3518,RRAS9,35064,JAU,352200,Itaju,3.618
Sudeste,Sao Paulo,-,-,3518,RRAS9,35061,VALE DO JURUMIRIM,350500,Barao de Antonina,3.531
Sudeste,Sao Paulo,-,-,3518,RRAS9,35065,LINS,354010,Pongai,3.395
Sudeste,Sao Paulo,-,-,3518,RRAS9,35062,BAURU,350745,Borebi,2.713
Sudeste,Sao Paulo,-,-,3518,RRAS9,35062,BAURU,352750,Lucianopolis,2.372
Sudeste,Sao Paulo,-,-,3518,RRAS9,35062,BAURU,353657,Paulistania,2.090
Sudeste,Sao Paulo,-,-,3518,RRAS9,35063,POLO CUESTA,355465,Torre de Pedra,2.046
Sudeste,Sao Paulo,-,-,3518,RRAS9,35065,LINS,355590,Uru,1.387
Sudeste,Sao Paulo,-,-,3519,RRAS8,35163,SOROCABA,355220,Sorocaba,723.682
Sudeste,Sao Paulo,-,-,3519,RRAS8,35163,SOROCABA,352390,Itu,168.240
Sudeste,Sao Paulo,-,-,3519,RRAS8,35161,ITAPETININGA,352230,Itapetininga,157.790
Sudeste,Sao Paulo,-,-,3519,RRAS8,35163,SOROCABA,354520,Salto,134.319
Sudeste,Sao Paulo,-,-,3519,RRAS8,35163,SOROCABA,355700,Votorantim,127.923
Sudeste,Sao Paulo,-,-,3519,RRAS8,35161,ITAPETININGA,355400,Tatui,123.942
Sudeste,Sao Paulo,-,-,3519,RRAS8,35162,ITAPEVA,352240,Itapeva,89.728
Sudeste,Sao Paulo,-,-,3519,RRAS8,35163,SOROCABA,355060,Sao Roque,79.484
Sudeste,Sao Paulo,-,-,3519,RRAS8,35163,SOROCABA,351970,Ibiuna,75.605
Sudeste,Sao Paulo,-,-,3519,RRAS8,35163,SOROCABA,350700,Boituva,61.081
Sudeste,Sao Paulo,-,-,3519,RRAS8,35163,SOROCABA,354060,Porto Feliz,56.497
Sudeste,Sao Paulo,-,-,3519,RRAS8,35163,SOROCABA,353780,Piedade,52.970
Sudeste,Sao Paulo,-,-,3519,RRAS8,35163,SOROCABA,352840,Mairinque,50.027
Sudeste,Sao Paulo,-,-,3519,RRAS8,35161,ITAPETININGA,351020,Capao Bonito,46.337
Sudeste,Sao Paulo,-,-,3519,RRAS8,35161,ITAPETININGA,351150,Cerquilho,44.695
Sudeste,Sao Paulo,-,-,3519,RRAS8,35162,ITAPEVA,352320,Itarare,44.438
Sudeste,Sao Paulo,-,-,3519,RRAS8,35163,SOROCABA,354530,Salto de Pirapora,43.748
Sudeste,Sao Paulo,-,-,3519,RRAS8,35163,SOROCABA,355450,Tiete,37.663
Sudeste,Sao Paulo,-,-,3519,RRAS8,35163,SOROCABA,352100,Ipero,36.459
Sudeste,Sao Paulo,-,-,3519,RRAS8,35163,SOROCABA,350290,Aracoiaba da Serra,32.443
Sudeste,Sao Paulo,-,-,3519,RRAS8,35161,ITAPETININGA,355020,Sao Miguel Arcanjo,32.039
Sudeste,Sao Paulo,-,-,3519,RRAS8,35163,SOROCABA,353790,Pilar do Sul,27.619
Sudeste,Sao Paulo,-,-,3519,RRAS8,35162,ITAPEVA,350270,Apiai,24.585
Sudeste,Sao Paulo,-,-,3519,RRAS8,35161,ITAPETININGA,350220,Angatuba,24.022
Sudeste,Sao Paulo,-,-,3519,RRAS8,35163,SOROCABA,351030,Capela do Alto,22.866
Sudeste,Sao Paulo,-,-,3519,RRAS8,35163,SOROCABA,350275,Aracariguama,21.522
Sudeste,Sao Paulo,-,-,3519,RRAS8,35162,ITAPEVA,350800,Buri,20.250
Sudeste,Sao Paulo,-,-,3519,RRAS8,35161,ITAPETININGA,351160,Cesario Lange,19.048
Sudeste,Sao Paulo,-,-,3519,RRAS8,35162,ITAPEVA,354300,Ribeirao Branco,18.627
Sudeste,Sao Paulo,-,-,3519,RRAS8,35162,ITAPEVA,352170,Itabera,17.983
Sudeste,Sao Paulo,-,-,3519,RRAS8,35163,SOROCABA,350115,Aluminio,17.301
Sudeste,Sao Paulo,-,-,3519,RRAS8,35162,ITAPEVA,351760,Guapiara,17.071
Sudeste,Sao Paulo,-,-,3519,RRAS8,35161,ITAPETININGA,351850,Guarei,15.013
Sudeste,Sao Paulo,-,-,3519,RRAS8,35161,ITAPETININGA,355110,Sarapui,10.369
Sudeste,Sao Paulo,-,-,3519,RRAS8,35162,ITAPEVA,353282,Nova Campina,8.497
Sudeste,Sao Paulo,-,-,3519,RRAS8,35163,SOROCABA,355350,Tapirai,7.996
Sudeste,Sao Paulo,-,-,3519,RRAS8,35161,ITAPETININGA,354325,Ribeirao Grande,7.450
Sudeste,Sao Paulo,-,-,3519,RRAS8,35162,ITAPEVA,355385,Taquarivai,6.876
Sudeste,Sao Paulo,-,-,3519,RRAS8,35161,ITAPETININGA,350075,Alambari,6.141
Sudeste,Sao Paulo,-,-,3519,RRAS8,35161,ITAPETININGA,350945,Campina do Monte Alegre,5.954
Sudeste,Sao Paulo,-,-,3519,RRAS8,35162,ITAPEVA,354350,Riversul,5.599
Sudeste,Sao Paulo,-,-,3519,RRAS8,35162,ITAPEVA,350535,Barra do Chapeu,5.179
Sudeste,Sao Paulo,-,-,3519,RRAS8,35162,ITAPEVA,352265,Itapirapua Paulista,4.306
Sudeste,Sao Paulo,-,-,3519,RRAS8,35162,ITAPEVA,350715,Bom Sucesso de Itarare,3.555
Sudeste,Sao Paulo,-,-,3519,RRAS8,35162,ITAPEVA,352215,Itaoca,3.422
Sudeste,Sao Paulo,-,-,3519,RRAS8,35161,ITAPETININGA,354165,Quadra,3.405
Sudeste,Sao Paulo,-,-,3519,RRAS8,35162,ITAPEVA,354280,Ribeira,3.132
Sudeste,Sao Paulo,-,-,3519,RRAS8,35163,SOROCABA,352585,Jumirim,3.056
Sudeste,Sao Paulo,-,-,3520,RRAS7,35041,BAIXADA SANTISTA,354850,Santos,418.608
Sudeste,Sao Paulo,-,-,3520,RRAS7,35041,BAIXADA SANTISTA,354100,Praia Grande,349.935
Sudeste,Sao Paulo,-,-,3520,RRAS7,35041,BAIXADA SANTISTA,355100,Sao Vicente,329.911
Sudeste,Sao Paulo,-,-,3520,RRAS7,35041,BAIXADA SANTISTA,351870,Guaruja,287.634
Sudeste,Sao Paulo,-,-,3520,RRAS7,35041,BAIXADA SANTISTA,351350,Cubatao,112.476
Sudeste,Sao Paulo,-,-,3520,RRAS7,35041,BAIXADA SANTISTA,352210,Itanhaem,112.476
Sudeste,Sao Paulo,-,-,3520,RRAS7,35041,BAIXADA SANTISTA,353760,Peruibe,68.352
Sudeste,Sao Paulo,-,-,3520,RRAS7,35041,BAIXADA SANTISTA,350635,Bertioga,64.188
Sudeste,Sao Paulo,-,-,3520,RRAS7,35041,BAIXADA SANTISTA,353110,Mongagua,61.951
Sudeste,Sao Paulo,-,-,3520,RRAS7,35121,VALE DO RIBEIRA,354260,Registro,59.947
Sudeste,Sao Paulo,-,-,3520,RRAS7,35121,VALE DO RIBEIRA,352030,Iguape,29.115
Sudeste,Sao Paulo,-,-,3520,RRAS7,35121,VALE DO RIBEIRA,350925,Cajati,28.515
Sudeste,Sao Paulo,-,-,3520,RRAS7,35121,VALE DO RIBEIRA,353620,Pariquera-Acu,19.233
Sudeste,Sao Paulo,-,-,3520,RRAS7,35121,VALE DO RIBEIRA,352990,Miracatu,18.553
Sudeste,Sao Paulo,-,-,3520,RRAS7,35121,VALE DO RIBEIRA,352610,Juquia,17.154
Sudeste,Sao Paulo,-,-,3520,RRAS7,35121,VALE DO RIBEIRA,352460,Jacupiranga,16.097
Sudeste,Sao Paulo,-,-,3520,RRAS7,35121,VALE DO RIBEIRA,352330,Itariri,15.528
Sudeste,Sao Paulo,-,-,3520,RRAS7,35121,VALE DO RIBEIRA,352042,Ilha Comprida,13.419
Sudeste,Sao Paulo,-,-,3520,RRAS7,35121,VALE DO RIBEIRA,351480,Eldorado,13.069
Sudeste,Sao Paulo,-,-,3520,RRAS7,35121,VALE DO RIBEIRA,355180,Sete Barras,12.730
Sudeste,Sao Paulo,-,-,3520,RRAS7,35121,VALE DO RIBEIRA,350990,Cananeia,12.289
Sudeste,Sao Paulo,-,-,3520,RRAS7,35121,VALE DO RIBEIRA,353720,Pedro de Toledo,11.281
Sudeste,Sao Paulo,-,-,3520,RRAS7,35121,VALE DO RIBEIRA,350540,Barra do Turvo,6.876
Sudeste,Sao Paulo,-,-,3520,RRAS7,35121,VALE DO RIBEIRA,352120,Iporanga,4.046
Sudeste,Sao Paulo,-,-,3521,RRAS6,35016,SAO PAULO,355030,Sao Paulo,11.451.999
Sudeste,Sao Paulo,-,-,3522,RRAS5,35014,ROTA DOS BANDEIRANTES,353440,Osasco,728.615
Sudeste,Sao Paulo,-,-,3522,RRAS5,35014,ROTA DOS BANDEIRANTES,351060,Carapicuiba,386.984
Sudeste,Sao Paulo,-,-,3522,RRAS5,35014,ROTA DOS BANDEIRANTES,350570,Barueri,316.473
Sudeste,Sao Paulo,-,-,3522,RRAS5,35014,ROTA DOS BANDEIRANTES,352250,Itapevi,232.297
Sudeste,Sao Paulo,-,-,3522,RRAS5,35014,ROTA DOS BANDEIRANTES,354730,Santana de Parnaiba,154.105
Sudeste,Sao Paulo,-,-,3522,RRAS5,35014,ROTA DOS BANDEIRANTES,352500,Jandira,118.045
Sudeste,Sao Paulo,-,-,3522,RRAS5,35014,ROTA DOS BANDEIRANTES,353910,Pirapora do Bom Jesus,18.370
Sudeste,Sao Paulo,-,-,3523,RRAS4,35013,MANANCIAIS,351300,Cotia,274.413
Sudeste,Sao Paulo,-,-,3523,RRAS4,35013,MANANCIAIS,355280,Taboao da Serra,273.542
Sudeste,Sao Paulo,-,-,3523,RRAS4,35013,MANANCIAIS,351500,Embu das Artes,250.691
Sudeste,Sao Paulo,-,-,3523,RRAS4,35013,MANANCIAIS,352220,Itapecerica da Serra,158.522
Sudeste,Sao Paulo,-,-,3523,RRAS4,35013,MANANCIAIS,351510,Embu-Guacu,66.970
Sudeste,Sao Paulo,-,-,3523,RRAS4,35013,MANANCIAIS,355645,Vargem Grande Paulista,50.415
Sudeste,Sao Paulo,-,-,3523,RRAS4,35013,MANANCIAIS,352620,Juquitiba,27.404
Sudeste,Sao Paulo,-,-,3523,RRAS4,35013,MANANCIAIS,354995,Sao Lourenco da Serra,16.067
Sudeste,Sao Paulo,-,-,3524,RRAS3,35012,FRANCO DA ROCHA,351630,Francisco Morato,165.139
Sudeste,Sao Paulo,-,-,3524,RRAS3,35012,FRANCO DA ROCHA,351640,Franco da Rocha,144.849
Sudeste,Sao Paulo,-,-,3524,RRAS3,35012,FRANCO DA ROCHA,350900,Caieiras,95.032
Sudeste,Sao Paulo,-,-,3524,RRAS3,35012,FRANCO DA ROCHA,352850,Mairipora,93.853
Sudeste,Sao Paulo,-,-,3524,RRAS3,35012,FRANCO DA ROCHA,350920,Cajamar,92.689
Sudeste,Sao Paulo,-,-,3525,RRAS2,35011,ALTO DO TIETE,351880,Guarulhos,1.291.771
Sudeste,Sao Paulo,-,-,3525,RRAS2,35011,ALTO DO TIETE,353060,Mogi das Cruzes,451.505
Sudeste,Sao Paulo,-,-,3525,RRAS2,35011,ALTO DO TIETE,352310,Itaquaquecetuba,369.275
Sudeste,Sao Paulo,-,-,3525,RRAS2,35011,ALTO DO TIETE,355250,Suzano,307.429
Sudeste,Sao Paulo,-,-,3525,RRAS2,35011,ALTO DO TIETE,351570,Ferraz de Vasconcelos,179.198
Sudeste,Sao Paulo,-,-,3525,RRAS2,35011,ALTO DO TIETE,353980,Poa,103.765
Sudeste,Sao Paulo,-,-,3525,RRAS2,35011,ALTO DO TIETE,350390,Aruja,86.678
Sudeste,Sao Paulo,-,-,3525,RRAS2,35011,ALTO DO TIETE,354680,Santa Isabel,53.174
Sudeste,Sao Paulo,-,-,3525,RRAS2,35011,ALTO DO TIETE,351830,Guararema,31.236
Sudeste,Sao Paulo,-,-,3525,RRAS2,35011,ALTO DO TIETE,350660,Biritiba Mirim,29.683
Sudeste,Sao Paulo,-,-,3525,RRAS2,35011,ALTO DO TIETE,354500,Salesopolis,15.202
Sudeste,Sao Paulo,-,-,3526,RRAS17,35171,ALTO VALE DO PARAIBA,354990,Sao Jose dos Campos,697.054
Sudeste,Sao Paulo,-,-,3526,RRAS17,35174,VALE DO PARAIBA REGIAO SERRANA,355410,Taubate,310.739
Sudeste,Sao Paulo,-,-,3526,RRAS17,35171,ALTO VALE DO PARAIBA,352440,Jacarei,240.275
Sudeste,Sao Paulo,-,-,3526,RRAS17,35174,VALE DO PARAIBA REGIAO SERRANA,353800,Pindamonhangaba,165.428
Sudeste,Sao Paulo,-,-,3526,RRAS17,35173,LITORAL NORTE,351050,Caraguatatuba,134.873
Sudeste,Sao Paulo,-,-,3526,RRAS17,35172,CIRCUITO DA FE E VALE HISTORICO,351840,Guaratingueta,118.044
Sudeste,Sao Paulo,-,-,3526,RRAS17,35171,ALTO VALE DO PARAIBA,350850,Cacapava,96.202
Sudeste,Sao Paulo,-,-,3526,RRAS17,35173,LITORAL NORTE,355540,Ubatuba,92.981
Sudeste,Sao Paulo,-,-,3526,RRAS17,35172,CIRCUITO DA FE E VALE HISTORICO,352720,Lorena,84.855
Sudeste,Sao Paulo,-,-,3526,RRAS17,35173,LITORAL NORTE,355070,Sao Sebastiao,81.595
Sudeste,Sao Paulo,-,-,3526,RRAS17,35172,CIRCUITO DA FE E VALE HISTORICO,351340,Cruzeiro,74.961
Sudeste,Sao Paulo,-,-,3526,RRAS17,35174,VALE DO PARAIBA REGIAO SERRANA,355480,Tremembe,51.173
Sudeste,Sao Paulo,-,-,3526,RRAS17,35174,VALE DO PARAIBA REGIAO SERRANA,350970,Campos do Jordao,46.974
Sudeste,Sao Paulo,-,-,3526,RRAS17,35173,LITORAL NORTE,352040,Ilhabela,34.934
Sudeste,Sao Paulo,-,-,3526,RRAS17,35172,CIRCUITO DA FE E VALE HISTORICO,350250,Aparecida,32.569
Sudeste,Sao Paulo,-,-,3526,RRAS17,35172,CIRCUITO DA FE E VALE HISTORICO,350860,Cachoeira Paulista,31.564
Sudeste,Sao Paulo,-,-,3526,RRAS17,35172,CIRCUITO DA FE E VALE HISTORICO,351360,Cunha,22.110
Sudeste,Sao Paulo,-,-,3526,RRAS17,35172,CIRCUITO DA FE E VALE HISTORICO,354075,Potim,20.392
Sudeste,Sao Paulo,-,-,3526,RRAS17,35171,ALTO VALE DO PARAIBA,353560,Paraibuna,17.667
Sudeste,Sao Paulo,-,-,3526,RRAS17,35171,ALTO VALE DO PARAIBA,354600,Santa Branca,13.975
Sudeste,Sao Paulo,-,-,3526,RRAS17,35172,CIRCUITO DA FE E VALE HISTORICO,353850,Piquete,12.490
Sudeste,Sao Paulo,-,-,3526,RRAS17,35174,VALE DO PARAIBA REGIAO SERRANA,354860,Sao Bento do Sapucai,11.674
Sudeste,Sao Paulo,-,-,3526,RRAS17,35172,CIRCUITO DA FE E VALE HISTORICO,354430,Roseira,10.832
Sudeste,Sao Paulo,-,-,3526,RRAS17,35171,ALTO VALE DO PARAIBA,352020,Igarata,10.605
Sudeste,Sao Paulo,-,-,3526,RRAS17,35174,VALE DO PARAIBA REGIAO SERRANA,355000,Sao Luiz do Paraitinga,10.337
Sudeste,Sao Paulo,-,-,3526,RRAS17,35172,CIRCUITO DA FE E VALE HISTORICO,350490,Bananal,9.969
Sudeste,Sao Paulo,-,-,3526,RRAS17,35172,CIRCUITO DA FE E VALE HISTORICO,354190,Queluz,9.159
Sudeste,Sao Paulo,-,-,3526,RRAS17,35172,CIRCUITO DA FE E VALE HISTORICO,352660,Lavrinhas,7.171
Sudeste,Sao Paulo,-,-,3526,RRAS17,35174,VALE DO PARAIBA REGIAO SERRANA,354820,Santo Antonio do Pinhal,7.133
Sudeste,Sao Paulo,-,-,3526,RRAS17,35174,VALE DO PARAIBA REGIAO SERRANA,353230,Natividade da Serra,6.999
Sudeste,Sao Paulo,-,-,3526,RRAS17,35171,ALTO VALE DO PARAIBA,352490,Jambeiro,6.397
Sudeste,Sao Paulo,-,-,3526,RRAS17,35172,CIRCUITO DA FE E VALE HISTORICO,355200,Silveiras,6.186
Sudeste,Sao Paulo,-,-,3526,RRAS17,35174,VALE DO PARAIBA REGIAO SERRANA,352630,Lagoinha,5.083
Sudeste,Sao Paulo,-,-,3526,RRAS17,35172,CIRCUITO DA FE E VALE HISTORICO,350995,Canas,4.931
Sudeste,Sao Paulo,-,-,3526,RRAS17,35174,VALE DO PARAIBA REGIAO SERRANA,354230,Redencao da Serra,4.494
Sudeste,Sao Paulo,-,-,3526,RRAS17,35171,ALTO VALE DO PARAIBA,353170,Monteiro Lobato,4.138
Sudeste,Sao Paulo,-,-,3526,RRAS17,35172,CIRCUITO DA FE E VALE HISTORICO,354960,Sao Jose do Barreiro,3.853
Sudeste,Sao Paulo,-,-,3526,RRAS17,35172,CIRCUITO DA FE E VALE HISTORICO,350350,Areias,3.577
Sudeste,Sao Paulo,-,-,3526,RRAS17,35172,CIRCUITO DA FE E VALE HISTORICO,350315,Arapei,2.330
Sudeste,Sao Paulo,-,-,3527,RRAS16,35073,JUNDIAI,352590,Jundiai,443.221
Sudeste,Sao Paulo,-,-,3527,RRAS16,35071,BRAGANCA,350760,Braganca Paulista,176.811
Sudeste,Sao Paulo,-,-,3527,RRAS16,35071,BRAGANCA,350410,Atibaia,158.647
Sudeste,Sao Paulo,-,-,3527,RRAS16,35073,JUNDIAI,355650,Varzea Paulista,115.771
Sudeste,Sao Paulo,-,-,3527,RRAS16,35073,JUNDIAI,350960,Campo Limpo Paulista,77.632
Sudeste,Sao Paulo,-,-,3527,RRAS16,35073,JUNDIAI,352400,Itupeva,70.616
Sudeste,Sao Paulo,-,-,3527,RRAS16,35073,JUNDIAI,352730,Louveira,51.847
Sudeste,Sao Paulo,-,-,3527,RRAS16,35073,JUNDIAI,350840,Cabreuva,47.011
Sudeste,Sao Paulo,-,-,3527,RRAS16,35071,BRAGANCA,355210,Socorro,40.122
Sudeste,Sao Paulo,-,-,3527,RRAS16,35073,JUNDIAI,352520,Jarinu,37.535
Sudeste,Sao Paulo,-,-,3527,RRAS16,35071,BRAGANCA,353860,Piracaia,26.029
Sudeste,Sao Paulo,-,-,3527,RRAS16,35071,BRAGANCA,350710,Bom Jesus dos Perdoes,22.006
Sudeste,Sao Paulo,-,-,3527,RRAS16,35071,BRAGANCA,353240,Nazare Paulista,18.217
Sudeste,Sao Paulo,-,-,3527,RRAS16,35071,BRAGANCA,353820,Pinhalzinho,15.224
Sudeste,Sao Paulo,-,-,3527,RRAS16,35071,BRAGANCA,352550,Joanopolis,12.815
Sudeste,Sao Paulo,-,-,3527,RRAS16,35071,BRAGANCA,355635,Vargem,10.512
Sudeste,Sao Paulo,-,-,3527,RRAS16,35071,BRAGANCA,355495,Tuiuti,6.778
Sudeste,Sao Paulo,-,-,3527,RRAS16,35071,BRAGANCA,353680,Pedra Bela,6.557
Sudeste,Sao Paulo,-,-,3528,RRAS15,35072,REGIAO METROPOLITANA DE CAMPINAS,350950,Campinas,1.139.047
Sudeste,Sao Paulo,-,-,3528,RRAS15,35072,REGIAO METROPOLITANA DE CAMPINAS,355240,Sumare,279.545
Sudeste,Sao Paulo,-,-,3528,RRAS15,35072,REGIAO METROPOLITANA DE CAMPINAS,352050,Indaiatuba,255.748
Sudeste,Sao Paulo,-,-,3528,RRAS15,35072,REGIAO METROPOLITANA DE CAMPINAS,350160,Americana,237.240
Sudeste,Sao Paulo,-,-,3528,RRAS15,35072,REGIAO METROPOLITANA DE CAMPINAS,351907,Hortolandia,236.641
Sudeste,Sao Paulo,-,-,3528,RRAS15,35072,REGIAO METROPOLITANA DE CAMPINAS,354580,"Santa Barbara d'Oeste",183.347
Sudeste,Sao Paulo,-,-,3528,RRAS15,35141,BAIXA MOGIANA,353070,Mogi Guacu,153.658
Sudeste,Sao Paulo,-,-,3528,RRAS15,35072,REGIAO METROPOLITANA DE CAMPINAS,355620,Valinhos,126.373
Sudeste,Sao Paulo,-,-,3528,RRAS15,35072,REGIAO METROPOLITANA DE CAMPINAS,352340,Itatiba,121.590
Sudeste,Sao Paulo,-,-,3528,RRAS15,35072,REGIAO METROPOLITANA DE CAMPINAS,353650,Paulinia,110.537
Sudeste,Sao Paulo,-,-,3528,RRAS15,35141,BAIXA MOGIANA,353080,Mogi Mirim,92.558
Sudeste,Sao Paulo,-,-,3528,RRAS15,35142,MANTIQUEIRA,354910,Sao Joao da Boa Vista,92.547
Sudeste,Sao Paulo,-,-,3528,RRAS15,35072,REGIAO METROPOLITANA DE CAMPINAS,355670,Vinhedo,76.540
Sudeste,Sao Paulo,-,-,3528,RRAS15,35141,BAIXA MOGIANA,352260,Itapira,72.022
Sudeste,Sao Paulo,-,-,3528,RRAS15,35074,CIRCUITO DAS AGUAS,350190,Amparo,68.008
Sudeste,Sao Paulo,-,-,3528,RRAS15,35143,RIO PARDO,353050,Mococa,67.681
Sudeste,Sao Paulo,-,-,3528,RRAS15,35072,REGIAO METROPOLITANA DE CAMPINAS,353180,Monte Mor,64.662
Sudeste,Sao Paulo,-,-,3528,RRAS15,35072,REGIAO METROPOLITANA DE CAMPINAS,353340,Nova Odessa,62.019
Sudeste,Sao Paulo,-,-,3528,RRAS15,35072,REGIAO METROPOLITANA DE CAMPINAS,351280,Cosmopolis,59.773
Sudeste,Sao Paulo,-,-,3528,RRAS15,35072,REGIAO METROPOLITANA DE CAMPINAS,352470,Jaguariuna,59.347
Sudeste,Sao Paulo,-,-,3528,RRAS15,35143,RIO PARDO,354970,Sao Jose do Rio Pardo,52.205
Sudeste,Sao Paulo,-,-,3528,RRAS15,35072,REGIAO METROPOLITANA DE CAMPINAS,350380,Artur Nogueira,51.456
Sudeste,Sao Paulo,-,-,3528,RRAS15,35072,REGIAO METROPOLITANA DE CAMPINAS,353710,Pedreira,43.112
Sudeste,Sao Paulo,-,-,3528,RRAS15,35142,MANTIQUEIRA,355640,Vargem Grande do Sul,40.133
Sudeste,Sao Paulo,-,-,3528,RRAS15,35142,MANTIQUEIRA,351518,Espirito Santo do Pinhal,39.816
Sudeste,Sao Paulo,-,-,3528,RRAS15,35142,MANTIQUEIRA,350030,Aguai,32.072
Sudeste,Sao Paulo,-,-,3528,RRAS15,35074,CIRCUITO DAS AGUAS,355160,Serra Negra,29.894
Sudeste,Sao Paulo,-,-,3528,RRAS15,35142,MANTIQUEIRA,354630,Santa Cruz das Palmeiras,28.864
Sudeste,Sao Paulo,-,-,3528,RRAS15,35143,RIO PARDO,351080,Casa Branca,28.083
Sudeste,Sao Paulo,-,-,3528,RRAS15,35072,REGIAO METROPOLITANA DE CAMPINAS,354800,Santo Antonio de Posse,23.244
Sudeste,Sao Paulo,-,-,3528,RRAS15,35142,MANTIQUEIRA,355330,Tambau,21.435
Sudeste,Sao Paulo,-,-,3528,RRAS15,35074,CIRCUITO DAS AGUAS,350050,Aguas de Lindoia,17.930
Sudeste,Sao Paulo,-,-,3528,RRAS15,35143,RIO PARDO,350870,Caconde,17.101
Sudeste,Sao Paulo,-,-,3528,RRAS15,35072,REGIAO METROPOLITANA DE CAMPINAS,351905,Holambra,15.094
Sudeste,Sao Paulo,-,-,3528,RRAS15,35072,REGIAO METROPOLITANA DE CAMPINAS,353200,Morungaba,13.720
Sudeste,Sao Paulo,-,-,3528,RRAS15,35143,RIO PARDO,355360,Tapiratiba,11.816
Sudeste,Sao Paulo,-,-,3528,RRAS15,35141,BAIXA MOGIANA,355730,Estiva Gerbi,11.295
Sudeste,Sao Paulo,-,-,3528,RRAS15,35143,RIO PARDO,351390,Divinolandia,11.158
Sudeste,Sao Paulo,-,-,3528,RRAS15,35143,RIO PARDO,355080,Sao Sebastiao da Grama,10.441
Sudeste,Sao Paulo,-,-,3528,RRAS15,35074,CIRCUITO DAS AGUAS,353120,Monte Alegre do Sul,8.627
Sudeste,Sao Paulo,-,-,3528,RRAS15,35143,RIO PARDO,352380,Itobi,8.046
Sudeste,Sao Paulo,-,-,3528,RRAS15,35142,MANTIQUEIRA,350040,Aguas da Prata,7.369
Sudeste,Sao Paulo,-,-,3528,RRAS15,35074,CIRCUITO DAS AGUAS,352700,Lindoia,7.014
Sudeste,Sao Paulo,-,-,3528,RRAS15,35142,MANTIQUEIRA,354810,Santo Antonio do Jardim,6.126
Sudeste,Sao Paulo,-,-,3529,RRAS14,35103,PIRACICABA,353870,Piracicaba,423.323
Sudeste,Sao Paulo,-,-,3529,RRAS14,35102,LIMEIRA,352690,Limeira,291.869
Sudeste,Sao Paulo,-,-,3529,RRAS14,35104,RIO CLARO,354390,Rio Claro,201.418
Sudeste,Sao Paulo,-,-,3529,RRAS14,35101,ARARAS,350330,Araras,130.866
Sudeste,Sao Paulo,-,-,3529,RRAS14,35101,ARARAS,352670,Leme,98.161
Sudeste,Sao Paulo,-,-,3529,RRAS14,35101,ARARAS,353930,Pirassununga,73.545
Sudeste,Sao Paulo,-,-,3529,RRAS14,35103,PIRACICABA,351040,Capivari,50.068
Sudeste,Sao Paulo,-,-,3529,RRAS14,35103,PIRACICABA,355040,Sao Pedro,38.256
Sudeste,Sao Paulo,-,-,3529,RRAS14,35103,PIRACICABA,354400,Rio das Pedras,31.328
Sudeste,Sao Paulo,-,-,3529,RRAS14,35101,ARARAS,351220,Conchal,28.101
Sudeste,Sao Paulo,-,-,3529,RRAS14,35102,LIMEIRA,351240,Cordeiropolis,24.514
Sudeste,Sao Paulo,-,-,3529,RRAS14,35104,RIO CLARO,354670,Santa Gertrudes,23.611
Sudeste,Sao Paulo,-,-,3529,RRAS14,35102,LIMEIRA,352140,Iracemapolis,21.967
Sudeste,Sao Paulo,-,-,3529,RRAS14,35102,LIMEIRA,351515,Engenheiro Coelho,19.566
Sudeste,Sao Paulo,-,-,3529,RRAS14,35103,PIRACICABA,351490,Elias Fausto,17.699
Sudeste,Sao Paulo,-,-,3529,RRAS14,35104,RIO CLARO,352360,Itirapina,16.148
Sudeste,Sao Paulo,-,-,3529,RRAS14,35103,PIRACICABA,351170,Charqueada,15.535
Sudeste,Sao Paulo,-,-,3529,RRAS14,35103,PIRACICABA,354210,Rafard,8.965
Sudeste,Sao Paulo,-,-,3529,RRAS14,35103,PIRACICABA,354515,Saltinho,8.161
Sudeste,Sao Paulo,-,-,3529,RRAS14,35104,RIO CLARO,352110,Ipeuna,6.831
Sudeste,Sao Paulo,-,-,3529,RRAS14,35103,PIRACICABA,354700,Santa Maria da Serra,5.243
Sudeste,Sao Paulo,-,-,3529,RRAS14,35104,RIO CLARO,350200,Analandia,4.589
Sudeste,Sao Paulo,-,-,3529,RRAS14,35101,ARARAS,354620,Santa Cruz da Conceicao,4.277
Sudeste,Sao Paulo,-,-,3529,RRAS14,35104,RIO CLARO,351270,Corumbatai,4.195
Sudeste,Sao Paulo,-,-,3529,RRAS14,35103,PIRACICABA,353090,Mombuca,3.722
Sudeste,Sao Paulo,-,-,3529,RRAS14,35103,PIRACICABA,350060,Aguas de Sao Pedro,2.780
Sudeste,Sao Paulo,-,-,3530,RRAS13,35132,AQUIFERO GUARANI,354340,Ribeirao Preto,698.642
Sudeste,Sao Paulo,-,-,3530,RRAS13,35081,TRES COLINAS,351620,Franca,352.536
Sudeste,Sao Paulo,-,-,3530,RRAS13,35131,HORIZONTE VERDE,355170,Sertaozinho,126.887
Sudeste,Sao Paulo,-,-,3530,RRAS13,35051,NORTE - BARRETOS,350550,Barretos,122.485
Sudeste,Sao Paulo,-,-,3530,RRAS13,35052,SUL - BARRETOS,350610,Bebedouro,76.373
Sudeste,Sao Paulo,-,-,3530,RRAS13,35131,HORIZONTE VERDE,352430,Jaboticabal,71.821
Sudeste,Sao Paulo,-,-,3530,RRAS13,35133,VALE DAS CACHOEIRAS,350590,Batatais,58.402
Sudeste,Sao Paulo,-,-,3530,RRAS13,35051,NORTE - BARRETOS,353390,Olimpia,55.074
Sudeste,Sao Paulo,-,-,3530,RRAS13,35082,ALTA ANHANGUERA,354940,Sao Joaquim da Barra,48.558
Sudeste,Sao Paulo,-,-,3530,RRAS13,35131,HORIZONTE VERDE,353130,Monte Alto,47.574
Sudeste,Sao Paulo,-,-,3530,RRAS13,35132,AQUIFERO GUARANI,352510,Jardinopolis,45.282
Sudeste,Sao Paulo,-,-,3530,RRAS13,35132,AQUIFERO GUARANI,355150,Serrana,43.909
Sudeste,Sao Paulo,-,-,3530,RRAS13,35051,NORTE - BARRETOS,351740,Guaira,39.279
Sudeste,Sao Paulo,-,-,3530,RRAS13,35082,ALTA ANHANGUERA,353430,Orlandia,38.319
Sudeste,Sao Paulo,-,-,3530,RRAS13,35131,HORIZONTE VERDE,354020,Pontal,37.607
Sudeste,Sao Paulo,-,-,3530,RRAS13,35083,ALTA MOGIANA,352410,Ituverava,37.571
Sudeste,Sao Paulo,-,-,3530,RRAS13,35131,HORIZONTE VERDE,351860,Guariba,37.498
Sudeste,Sao Paulo,-,-,3530,RRAS13,35131,HORIZONTE VERDE,353950,Pitangueiras,33.674
Sudeste,Sao Paulo,-,-,3530,RRAS13,35132,AQUIFERO GUARANI,351310,Cravinhos,33.281
Sudeste,Sao Paulo,-,-,3530,RRAS13,35131,HORIZONTE VERDE,350560,Barrinha,32.092
Sudeste,Sao Paulo,-,-,3530,RRAS13,35082,ALTA ANHANGUERA,353190,Morro Agudo,27.933
Sudeste,Sao Paulo,-,-,3530,RRAS13,35083,ALTA MOGIANA,352010,Igarapava,26.212
Sudeste,Sao Paulo,-,-,3530,RRAS13,35133,VALE DAS CACHOEIRAS,350780,Brodowski,25.201
Sudeste,Sao Paulo,-,-,3530,RRAS13,35132,AQUIFERO GUARANI,354750,Santa Rita do Passa Quatro,24.833
Sudeste,Sao Paulo,-,-,3530,RRAS13,35133,VALE DAS CACHOEIRAS,350940,Cajuru,23.830
Sudeste,Sao Paulo,-,-,3530,RRAS13,35132,AQUIFERO GUARANI,354760,Santa Rosa de Viterbo,23.411
Sudeste,Sao Paulo,-,-,3530,RRAS13,35083,ALTA MOGIANA,352970,Miguelopolis,19.441
Sudeste,Sao Paulo,-,-,3530,RRAS13,35083,ALTA MOGIANA,351770,Guara,18.606
Sudeste,Sao Paulo,-,-,3530,RRAS13,35051,NORTE - BARRETOS,351200,Colina,18.486
Sudeste,Sao Paulo,-,-,3530,RRAS13,35052,SUL - BARRETOS,353150,Monte Azul Paulista,18.151
Sudeste,Sao Paulo,-,-,3530,RRAS13,35052,SUL - BARRETOS,355680,Viradouro,17.414
Sudeste,Sao Paulo,-,-,3530,RRAS13,35131,HORIZONTE VERDE,354090,Pradopolis,17.078
Sudeste,Sao Paulo,-,-,3530,RRAS13,35133,VALE DAS CACHOEIRAS,350100,Altinopolis,16.818
Sudeste,Sao Paulo,-,-,3530,RRAS13,35081,TRES COLINAS,353700,Pedregulho,15.525
Sudeste,Sao Paulo,-,-,3530,RRAS13,35051,NORTE - BARRETOS,355190,Severinia,14.576
Sudeste,Sao Paulo,-,-,3530,RRAS13,35081,TRES COLINAS,353630,Patrocinio Paulista,14.512
Sudeste,Sao Paulo,-,-,3530,RRAS13,35082,ALTA ANHANGUERA,352130,Ipua,14.454
Sudeste,Sao Paulo,-,-,3530,RRAS13,35132,AQUIFERO GUARANI,355090,Sao Simao,13.442
Sudeste,Sao Paulo,-,-,3530,RRAS13,35132,AQUIFERO GUARANI,355140,Serra Azul,12.746
Sudeste,Sao Paulo,-,-,3530,RRAS13,35132,AQUIFERO GUARANI,352760,Luis Antonio,12.265
Sudeste,Sao Paulo,-,-,3530,RRAS13,35082,ALTA ANHANGUERA,354490,Sales Oliveira,11.411
Sudeste,Sao Paulo,-,-,3530,RRAS13,35051,NORTE - BARRETOS,351790,Guaraci,10.350
Sudeste,Sao Paulo,-,-,3530,RRAS13,35131,HORIZONTE VERDE,351460,Dumont,9.471
Sudeste,Sao Paulo,-,-,3530,RRAS13,35081,TRES COLINAS,351320,Cristais Paulista,9.272
Sudeste,Sao Paulo,-,-,3530,RRAS13,35051,NORTE - BARRETOS,350930,Cajobi,9.133
Sudeste,Sao Paulo,-,-,3530,RRAS13,35052,SUL - BARRETOS,355690,Vista Alegre do Alto,8.109
Sudeste,Sao Paulo,-,-,3530,RRAS13,35052,SUL - BARRETOS,355440,Terra Roxa,7.904
Sudeste,Sao Paulo,-,-,3530,RRAS13,35081,TRES COLINAS,354950,Sao Jose da Bela Vista,7.626
Sudeste,Sao Paulo,-,-,3530,RRAS13,35082,ALTA ANHANGUERA,353360,Nuporanga,7.391
Sudeste,Sao Paulo,-,-,3530,RRAS13,35132,AQUIFERO GUARANI,351885,Guatapara,7.320
Sudeste,Sao Paulo,-,-,3530,RRAS13,35133,VALE DAS CACHOEIRAS,354790,Santo Antonio da Alegria,6.775
Sudeste,Sao Paulo,-,-,3530,RRAS13,35051,NORTE - BARRETOS,351210,Colombia,6.629
Sudeste,Sao Paulo,-,-,3530,RRAS13,35052,SUL - BARRETOS,355320,Taiuva,6.548
Sudeste,Sao Paulo,-,-,3530,RRAS13,35081,TRES COLINAS,354270,Restinga,6.404
Sudeste,Sao Paulo,-,-,3530,RRAS13,35051,NORTE - BARRETOS,352420,Jaborandi,6.221
Sudeste,Sao Paulo,-,-,3530,RRAS13,35081,TRES COLINAS,352370,Itirapua,5.779
Sudeste,Sao Paulo,-,-,3530,RRAS13,35052,SUL - BARRETOS,355310,Taiacu,5.677
Sudeste,Sao Paulo,-,-,3530,RRAS13,35083,ALTA MOGIANA,350300,Aramina,5.420
Sudeste,Sao Paulo,-,-,3530,RRAS13,35081,TRES COLINAS,354310,Ribeirao Corrente,4.608
Sudeste,Sao Paulo,-,-,3530,RRAS13,35083,ALTA MOGIANA,350820,Buritizal,4.356
Sudeste,Sao Paulo,-,-,3530,RRAS13,35081,TRES COLINAS,354360,Rifaina,4.049
Sudeste,Sao Paulo,-,-,3530,RRAS13,35081,TRES COLINAS,352540,Jeriquara,3.863
Sudeste,Sao Paulo,-,-,3530,RRAS13,35051,NORTE - BARRETOS,350090,Altair,3.451
Sudeste,Sao Paulo,-,-,3530,RRAS13,35133,VALE DAS CACHOEIRAS,351090,Cassia dos Coqueiros,2.799
Sudeste,Sao Paulo,-,-,3530,RRAS13,35052,SUL - BARRETOS,355365,Taquaral,2.619
Sudeste,Sao Paulo,-,-,3530,RRAS13,35133,VALE DAS CACHOEIRAS,354625,Santa Cruz da Esperanca,2.116
Sudeste,Sao Paulo,-,-,3531,RRAS12,35155,SAO JOSE DO RIO PRETO,354980,Sao Jose do Rio Preto,480.393
Sudeste,Sao Paulo,-,-,3531,RRAS12,35151,CATANDUVA,351110,Catanduva,115.791
Sudeste,Sao Paulo,-,-,3531,RRAS12,35157,VOTUPORANGA,355710,Votuporanga,96.634
Sudeste,Sao Paulo,-,-,3531,RRAS12,35154,FERNANDOPOLIS,351550,Fernandopolis,71.186
Sudeste,Sao Paulo,-,-,3531,RRAS12,35155,SAO JOSE DO RIO PRETO,353030,Mirassol,63.337
Sudeste,Sao Paulo,-,-,3531,RRAS12,35153,JALES,352480,Jales,48.776
Sudeste,Sao Paulo,-,-,3531,RRAS12,35151,CATANDUVA,353350,Novo Horizonte,38.324
Sudeste,Sao Paulo,-,-,3531,RRAS12,35156,JOSE BONIFACIO,352570,Jose Bonifacio,36.633
Sudeste,Sao Paulo,-,-,3531,RRAS12,35152,SANTA FE DO SUL,354660,Santa Fe do Sul,34.794
Sudeste,Sao Paulo,-,-,3531,RRAS12,35155,SAO JOSE DO RIO PRETO,350460,Bady Bassitt,27.260
Sudeste,Sao Paulo,-,-,3531,RRAS12,35155,SAO JOSE DO RIO PRETO,355340,Tanabi,25.265
Sudeste,Sao Paulo,-,-,3531,RRAS12,35156,JOSE BONIFACIO,353140,Monte Aprazivel,22.280
Sudeste,Sao Paulo,-,-,3531,RRAS12,35155,SAO JOSE DO RIO PRETO,351750,Guapiacu,21.711
Sudeste,Sao Paulo,-,-,3531,RRAS12,35155,SAO JOSE DO RIO PRETO,353300,Nova Granada,19.419
Sudeste,Sao Paulo,-,-,3531,RRAS12,35155,SAO JOSE DO RIO PRETO,354080,Potirendaba,18.496
Sudeste,Sao Paulo,-,-,3531,RRAS12,35151,CATANDUVA,352190,Itajobi,16.989
Sudeste,Sao Paulo,-,-,3531,RRAS12,35151,CATANDUVA,353810,Pindorama,14.542
Sudeste,Sao Paulo,-,-,3531,RRAS12,35157,VOTUPORANGA,355610,Valentim Gentil,14.098
Sudeste,Sao Paulo,-,-,3531,RRAS12,35151,CATANDUVA,354560,Santa Adelia,14.018
Sudeste,Sao Paulo,-,-,3531,RRAS12,35151,CATANDUVA,355600,Urupes,13.744
Sudeste,Sao Paulo,-,-,3531,RRAS12,35155,SAO JOSE DO RIO PRETO,351130,Cedral,12.618
Sudeste,Sao Paulo,-,-,3531,RRAS12,35155,SAO JOSE DO RIO PRETO,351940,Ibira,11.690
Sudeste,Sao Paulo,-,-,3531,RRAS12,35155,SAO JOSE DO RIO PRETO,353500,Palestina,11.476
Sudeste,Sao Paulo,-,-,3531,RRAS12,35157,VOTUPORANGA,351070,Cardoso,11.345
Sudeste,Sao Paulo,-,-,3531,RRAS12,35151,CATANDUVA,355260,Tabapua,11.323
Sudeste,Sao Paulo,-,-,3531,RRAS12,35151,CATANDUVA,353900,Pirangi,10.885
Sudeste,Sao Paulo,-,-,3531,RRAS12,35155,SAO JOSE DO RIO PRETO,355560,Uchoa,10.394
Sudeste,Sao Paulo,-,-,3531,RRAS12,35157,VOTUPORANGA,351690,General Salgado,10.312
Sudeste,Sao Paulo,-,-,3531,RRAS12,35157,VOTUPORANGA,354420,Riolandia,10.309
Sudeste,Sao Paulo,-,-,3531,RRAS12,35154,FERNANDOPOLIS,353475,Ouroeste,10.294
Sudeste,Sao Paulo,-,-,3531,RRAS12,35157,VOTUPORANGA,353260,Nhandeara,9.852
Sudeste,Sao Paulo,-,-,3531,RRAS12,35155,SAO JOSE DO RIO PRETO,353250,Neves Paulista,9.699
Sudeste,Sao Paulo,-,-,3531,RRAS12,35151,CATANDUVA,353510,Palmares Paulista,9.650
Sudeste,Sao Paulo,-,-,3531,RRAS12,35155,SAO JOSE DO RIO PRETO,350480,Balsamo,9.596
Sudeste,Sao Paulo,-,-,3531,RRAS12,35154,FERNANDOPOLIS,351520,"Estrela d'Oeste",9.417
Sudeste,Sao Paulo,-,-,3531,RRAS12,35153,JALES,353520,"Palmeira d'Oeste",8.903
Sudeste,Sao Paulo,-,-,3531,RRAS12,35153,JALES,355580,Urania,8.833
Sudeste,Sao Paulo,-,-,3531,RRAS12,35157,VOTUPORANGA,351290,Cosmorama,8.719
Sudeste,Sao Paulo,-,-,3531,RRAS12,35155,SAO JOSE DO RIO PRETO,351980,Icem,7.819
Sudeste,Sao Paulo,-,-,3531,RRAS12,35156,JOSE BONIFACIO,352450,Jaci,7.613
Sudeste,Sao Paulo,-,-,3531,RRAS12,35151,CATANDUVA,350370,Ariranha,7.602
Sudeste,Sao Paulo,-,-,3531,RRAS12,35157,VOTUPORANGA,352810,Macaubal,7.481
Sudeste,Sao Paulo,-,-,3531,RRAS12,35155,SAO JOSE DO RIO PRETO,353660,Paulo de Faria,7.400
Sudeste,Sao Paulo,-,-,3531,RRAS12,35151,CATANDUVA,351120,Catigua,7.003
Sudeste,Sao Paulo,-,-,3531,RRAS12,35151,CATANDUVA,352150,Irapua,6.867
Sudeste,Sao Paulo,-,-,3531,RRAS12,35152,SANTA FE DO SUL,355490,Tres Fronteiras,6.804
Sudeste,Sao Paulo,-,-,3531,RRAS12,35155,SAO JOSE DO RIO PRETO,352115,Ipigua,6.761
Sudeste,Sao Paulo,-,-,3531,RRAS12,35155,SAO JOSE DO RIO PRETO,353280,Nova Alianca,6.693
Sudeste,Sao Paulo,-,-,3531,RRAS12,35151,CATANDUVA,354480,Sales,6.437
Sudeste,Sao Paulo,-,-,3531,RRAS12,35153,JALES,354570,Santa Albertina,6.393
Sudeste,Sao Paulo,-,-,3531,RRAS12,35156,JOSE BONIFACIO,352950,Mendonca,6.159
Sudeste,Sao Paulo,-,-,3531,RRAS12,35151,CATANDUVA,353570,Paraiso,6.099
Sudeste,Sao Paulo,-,-,3531,RRAS12,35155,SAO JOSE DO RIO PRETO,353420,Orindiuva,6.024
Sudeste,Sao Paulo,-,-,3531,RRAS12,35151,CATANDUVA,351560,Fernando Prestes,5.942
Sudeste,Sao Paulo,-,-,3531,RRAS12,35157,VOTUPORANGA,350180,Americo de Campos,5.870
Sudeste,Sao Paulo,-,-,3531,RRAS12,35156,JOSE BONIFACIO,353990,Poloni,5.592
Sudeste,Sao Paulo,-,-,3531,RRAS12,35156,JOSE BONIFACIO,355535,Ubarana,5.365
Sudeste,Sao Paulo,-,-,3531,RRAS12,35155,SAO JOSE DO RIO PRETO,353400,Onda Verde,4.771
Sudeste,Sao Paulo,-,-,3531,RRAS12,35156,JOSE BONIFACIO,353270,Nipoa,4.750
Sudeste,Sao Paulo,-,-,3531,RRAS12,35155,SAO JOSE DO RIO PRETO,353040,Mirassolandia,4.669
Sudeste,Sao Paulo,-,-,3531,RRAS12,35154,FERNANDOPOLIS,352960,Meridiano,4.572
Sudeste,Sao Paulo,-,-,3531,RRAS12,35151,CATANDUVA,353325,Novais,4.412
Sudeste,Sao Paulo,-,-,3531,RRAS12,35156,JOSE BONIFACIO,353960,Planalto,4.389
Sudeste,Sao Paulo,-,-,3531,RRAS12,35156,JOSE BONIFACIO,350020,Adolfo,4.351
Sudeste,Sao Paulo,-,-,3531,RRAS12,35153,JALES,354025,Pontalinda,4.127
Sudeste,Sao Paulo,-,-,3531,RRAS12,35154,FERNANDOPOLIS,354040,Populina,4.127
Sudeste,Sao Paulo,-,-,3531,RRAS12,35153,JALES,350260,"Aparecida d'Oeste",4.086
Sudeste,Sao Paulo,-,-,3531,RRAS12,35154,FERNANDOPOLIS,352070,Indiapora,4.035
Sudeste,Sao Paulo,-,-,3531,RRAS12,35153,JALES,353590,Paranapua,4.031
Sudeste,Sao Paulo,-,-,3531,RRAS12,35154,FERNANDOPOLIS,352820,Macedonia,3.963
Sudeste,Sao Paulo,-,-,3531,RRAS12,35157,VOTUPORANGA,350120,Alvares Florence,3.915
Sudeste,Sao Paulo,-,-,3531,RRAS12,35152,SANTA FE DO SUL,354450,Rubineia,3.833
Sudeste,Sao Paulo,-,-,3531,RRAS12,35151,CATANDUVA,352885,Marapoama,3.292
Sudeste,Sao Paulo,-,-,3531,RRAS12,35157,VOTUPORANGA,351680,Gastao Vidigal,3.252
Sudeste,Sao Paulo,-,-,3531,RRAS12,35157,VOTUPORANGA,352830,Magda,3.165
Sudeste,Sao Paulo,-,-,3531,RRAS12,35151,CATANDUVA,351492,Elisiario,3.138
Sudeste,Sao Paulo,-,-,3531,RRAS12,35157,VOTUPORANGA,355130,Sebastianopolis do Sul,3.130
Sudeste,Sao Paulo,-,-,3531,RRAS12,35154,FERNANDOPOLIS,353000,Mira Estrela,3.126
Sudeste,Sao Paulo,-,-,3531,RRAS12,35157,VOTUPORANGA,353625,Parisi,2.892
Sudeste,Sao Paulo,-,-,3531,RRAS12,35154,FERNANDOPOLIS,353690,Pedranopolis,2.787
Sudeste,Sao Paulo,-,-,3531,RRAS12,35152,SANTA FE DO SUL,354740,"Santa Rita d'Oeste",2.733
Sudeste,Sao Paulo,-,-,3531,RRAS12,35157,VOTUPORANGA,351590,Floreal,2.733
Sudeste,Sao Paulo,-,-,3531,RRAS12,35156,JOSE BONIFACIO,355715,Zacarias,2.692
Sudeste,Sao Paulo,-,-,3531,RRAS12,35153,JALES,354900,Sao Francisco,2.602
Sudeste,Sao Paulo,-,-,3531,RRAS12,35152,SANTA FE DO SUL,354610,"Santa Clara d'Oeste",2.598
Sudeste,Sao Paulo,-,-,3531,RRAS12,35154,FERNANDOPOLIS,354920,Sao Joao das Duas Pontes,2.580
Sudeste,Sao Paulo,-,-,3531,RRAS12,35157,VOTUPORANGA,354030,Pontes Gestal,2.387
Sudeste,Sao Paulo,-,-,3531,RRAS12,35151,CATANDUVA,351495,Embauba,2.323
Sudeste,Sao Paulo,-,-,3531,RRAS12,35153,JALES,351420,Dolcinopolis,2.207
Sudeste,Sao Paulo,-,-,3531,RRAS12,35152,SANTA FE DO SUL,353284,Nova Canaa Paulista,2.032
Sudeste,Sao Paulo,-,-,3531,RRAS12,35154,FERNANDOPOLIS,351800,"Guarani d'Oeste",1.968
Sudeste,Sao Paulo,-,-,3531,RRAS12,35153,JALES,352965,Mesopolis,1.952
Sudeste,Sao Paulo,-,-,3531,RRAS12,35157,VOTUPORANGA,353100,Moncoes,1.937
Sudeste,Sao Paulo,-,-,3531,RRAS12,35153,JALES,352910,Marinopolis,1.860
Sudeste,Sao Paulo,-,-,3531,RRAS12,35154,FERNANDOPOLIS,354925,Sao Joao de Iracema,1.846
Sudeste,Sao Paulo,-,-,3531,RRAS12,35153,JALES,350395,Aspasia,1.842
Sudeste,Sao Paulo,-,-,3531,RRAS12,35153,JALES,355695,Vitoria Brasil,1.794
Sudeste,Sao Paulo,-,-,3531,RRAS12,35153,JALES,354720,Santana da Ponte Pensa,1.670
Sudeste,Sao Paulo,-,-,3531,RRAS12,35154,FERNANDOPOLIS,355530,Turmalina,1.669
Sudeste,Sao Paulo,-,-,3531,RRAS12,35153,JALES,354765,Santa Salete,1.645
Sudeste,Sao Paulo,-,-,3531,RRAS12,35153,JALES,351385,Dirce Reis,1.620
Sudeste,Sao Paulo,-,-,3531,RRAS12,35156,JOSE BONIFACIO,355570,Uniao Paulista,1.603
Sudeste,Sao Paulo,-,-,3532,RRAS11,35112,ALTA SOROCABANA,354140,Presidente Prudente,225.668
Sudeste,Sao Paulo,-,-,3532,RRAS11,35111,ALTA PAULISTA,351440,Dracena,45.474
Sudeste,Sao Paulo,-,-,3532,RRAS11,35114,EXTREMO OESTE PAULISTA,354130,Presidente Epitacio,39.505
Sudeste,Sao Paulo,-,-,3532,RRAS11,35114,EXTREMO OESTE PAULISTA,354150,Presidente Venceslau,35.201
Sudeste,Sao Paulo,-,-,3532,RRAS11,35113,ALTO CAPIVARI,354220,Rancharia,28.588
Sudeste,Sao Paulo,-,-,3532,RRAS11,35112,ALTA SOROCABANA,350130,Alvares Machado,27.255
Sudeste,Sao Paulo,-,-,3532,RRAS11,35112,ALTA SOROCABANA,353920,Pirapozinho,25.348
Sudeste,Sao Paulo,-,-,3532,RRAS11,35112,ALTA SOROCABANA,352920,Martinopolis,24.881
Sudeste,Sao Paulo,-,-,3532,RRAS11,35115,PONTAL DO PARANAPANEMA,355430,Teodoro Sampaio,22.173
Sudeste,Sao Paulo,-,-,3532,RRAS11,35111,ALTA PAULISTA,352600,Junqueiropolis,20.448
Sudeste,Sao Paulo,-,-,3532,RRAS11,35112,ALTA SOROCABANA,354240,Regente Feijo,20.145
Sudeste,Sao Paulo,-,-,3532,RRAS11,35112,ALTA SOROCABANA,354770,Santo Anastacio,17.963
Sudeste,Sao Paulo,-,-,3532,RRAS11,35115,PONTAL DO PARANAPANEMA,354425,Rosana,17.440
Sudeste,Sao Paulo,-,-,3532,RRAS11,35115,PONTAL DO PARANAPANEMA,353020,Mirante do Paranapanema,15.917
Sudeste,Sao Paulo,-,-,3532,RRAS11,35111,ALTA PAULISTA,355510,Tupi Paulista,15.854
Sudeste,Sao Paulo,-,-,3532,RRAS11,35111,ALTA PAULISTA,353540,Panorama,14.964
Sudeste,Sao Paulo,-,-,3532,RRAS11,35112,ALTA SOROCABANA,354120,Presidente Bernardes,14.490
Sudeste,Sao Paulo,-,-,3532,RRAS11,35113,ALTO CAPIVARI,354170,Quata,13.163
Sudeste,Sao Paulo,-,-,3532,RRAS11,35111,ALTA PAULISTA,353640,Pauliceia,7.955
Sudeste,Sao Paulo,-,-,3532,RRAS11,35115,PONTAL DO PARANAPANEMA,351535,Euclides da Cunha Paulista,7.924
Sudeste,Sao Paulo,-,-,3532,RRAS11,35111,ALTA PAULISTA,353480,Ouro Verde,7.779
Sudeste,Sao Paulo,-,-,3532,RRAS11,35113,ALTO CAPIVARI,351990,Iepe,7.619
Sudeste,Sao Paulo,-,-,3532,RRAS11,35111,ALTA PAULISTA,352160,Irapuru,7.085
Sudeste,Sao Paulo,-,-,3532,RRAS11,35112,ALTA SOROCABANA,355390,Tarabai,6.536
Sudeste,Sao Paulo,-,-,3532,RRAS11,35112,ALTA SOROCABANA,355290,Taciba,6.260
Sudeste,Sao Paulo,-,-,3532,RRAS11,35112,ALTA SOROCABANA,353220,Narandiba,5.713
Sudeste,Sao Paulo,-,-,3532,RRAS11,35114,EXTREMO OESTE PAULISTA,350910,Caiua,5.466
Sudeste,Sao Paulo,-,-,3532,RRAS11,35112,ALTA SOROCABANA,352060,Indiana,5.090
Sudeste,Sao Paulo,-,-,3532,RRAS11,35114,EXTREMO OESTE PAULISTA,352870,Maraba Paulista,4.573
Sudeste,Sao Paulo,-,-,3532,RRAS11,35112,ALTA SOROCABANA,350080,Alfredo Marcondes,4.445
Sudeste,Sao Paulo,-,-,3532,RRAS11,35113,ALTO CAPIVARI,352560,Joao Ramalho,4.371
Sudeste,Sao Paulo,-,-,3532,RRAS11,35111,ALTA PAULISTA,353160,Monte Castelo,4.222
Sudeste,Sao Paulo,-,-,3532,RRAS11,35112,ALTA SOROCABANA,350240,Anhumas,4.023
Sudeste,Sao Paulo,-,-,3532,RRAS11,35112,ALTA SOROCABANA,350890,Caiabu,3.712
Sudeste,Sao Paulo,-,-,3532,RRAS11,35112,ALTA SOROCABANA,354550,Sandovalina,3.645
Sudeste,Sao Paulo,-,-,3532,RRAS11,35114,EXTREMO OESTE PAULISTA,353830,Piquerobi,3.264
Sudeste,Sao Paulo,-,-,3532,RRAS11,35112,ALTA SOROCABANA,351512,Emilianopolis,3.014
Sudeste,Sao Paulo,-,-,3532,RRAS11,35112,ALTA SOROCABANA,354830,Santo Expedito,3.000
Sudeste,Sao Paulo,-,-,3532,RRAS11,35111,ALTA PAULISTA,354710,Santa Mercedes,2.956
Sudeste,Sao Paulo,-,-,3532,RRAS11,35112,ALTA SOROCABANA,351530,Estrela do Norte,2.703
Sudeste,Sao Paulo,-,-,3532,RRAS11,35113,ALTO CAPIVARI,353215,Nantes,2.660
Sudeste,Sao Paulo,-,-,3532,RRAS11,35111,ALTA PAULISTA,354930,"Sao Joao do Pau d'Alho",2.242
Sudeste,Sao Paulo,-,-,3532,RRAS11,35111,ALTA PAULISTA,353310,Nova Guataporanga,2.156
Sudeste,Sao Paulo,-,-,3532,RRAS11,35112,ALTA SOROCABANA,354323,Ribeirao dos Indios,2.025
Sudeste,Sao Paulo,-,-,3532,RRAS11,35111,ALTA PAULISTA,351580,Flora Rica,1.487
Sudeste,Sao Paulo,-,-,3533,RRAS10,35093,MARILIA,352900,Marilia,237.627
Sudeste,Sao Paulo,-,-,3533,RRAS10,35094,OURINHOS,353470,Ourinhos,103.970
Sudeste,Sao Paulo,-,-,3533,RRAS10,35092,ASSIS,350400,Assis,101.409
Sudeste,Sao Paulo,-,-,3533,RRAS10,35095,TUPA,355500,Tupa,63.928
Sudeste,Sao Paulo,-,-,3533,RRAS10,35094,OURINHOS,354640,Santa Cruz do Rio Pardo,46.442
Sudeste,Sao Paulo,-,-,3533,RRAS10,35093,MARILIA,351670,Garca,42.110
Sudeste,Sao Paulo,-,-,3533,RRAS10,35092,ASSIS,353550,Paraguacu Paulista,41.120
Sudeste,Sao Paulo,-,-,3533,RRAS10,35091,ADAMANTINA,350010,Adamantina,34.687
Sudeste,Sao Paulo,-,-,3533,RRAS10,35091,ADAMANTINA,353460,Osvaldo Cruz,31.272
Sudeste,Sao Paulo,-,-,3533,RRAS10,35092,ASSIS,351000,Candido Mota,29.449
Sudeste,Sao Paulo,-,-,3533,RRAS10,35095,TUPA,350580,Bastos,21.503
Sudeste,Sao Paulo,-,-,3533,RRAS10,35093,MARILIA,354000,Pompeia,20.196
Sudeste,Sao Paulo,-,-,3533,RRAS10,35091,ADAMANTINA,352740,Lucelia,20.061
Sudeste,Sao Paulo,-,-,3533,RRAS10,35092,ASSIS,353530,Palmital,19.594
Sudeste,Sao Paulo,-,-,3533,RRAS10,35092,ASSIS,355395,Taruma,14.882
Sudeste,Sao Paulo,-,-,3533,RRAS10,35091,ADAMANTINA,353490,Pacaembu,14.877
Sudeste,Sao Paulo,-,-,3533,RRAS10,35094,OURINHOS,352090,Ipaussu,13.712
Sudeste,Sao Paulo,-,-,3533,RRAS10,35091,ADAMANTINA,351600,Florida Paulista,12.958
Sudeste,Sao Paulo,-,-,3533,RRAS10,35092,ASSIS,352880,Maracai,12.673
Sudeste,Sao Paulo,-,-,3533,RRAS10,35094,OURINHOS,355720,Chavantes,12.211
Sudeste,Sao Paulo,-,-,3533,RRAS10,35094,OURINHOS,350630,Bernardino de Campos,11.607
Sudeste,Sao Paulo,-,-,3533,RRAS10,35095,TUPA,353600,Parapua,10.580
Sudeste,Sao Paulo,-,-,3533,RRAS10,35093,MARILIA,355660,Vera Cruz,10.176
Sudeste,Sao Paulo,-,-,3533,RRAS10,35095,TUPA,354380,Rinopolis,9.259
Sudeste,Sao Paulo,-,-,3533,RRAS10,35095,TUPA,351900,Herculandia,9.125
Sudeste,Sao Paulo,-,-,3533,RRAS10,35094,OURINHOS,354540,Salto Grande,9.050
Sudeste,Sao Paulo,-,-,3533,RRAS10,35094,OURINHOS,355050,Sao Pedro do Turvo,7.217
Sudeste,Sao Paulo,-,-,3533,RRAS10,35093,MARILIA,354200,Quintana,7.038
Sudeste,Sao Paulo,-,-,3533,RRAS10,35093,MARILIA,351810,Guaranta,6.427
Sudeste,Sao Paulo,-,-,3533,RRAS10,35094,OURINHOS,351950,Ibirarema,6.385
Sudeste,Sao Paulo,-,-,3533,RRAS10,35093,MARILIA,351660,Galia,6.380
Sudeste,Sao Paulo,-,-,3533,RRAS10,35094,OURINHOS,351015,Canitar,6.283
Sudeste,Sao Paulo,-,-,3533,RRAS10,35093,MARILIA,351470,Echapora,6.205
Sudeste,Sao Paulo,-,-,3533,RRAS10,35095,TUPA,351920,Iacri,6.131
Sudeste,Sao Paulo,-,-,3533,RRAS10,35093,MARILIA,353410,Oriente,6.085
Sudeste,Sao Paulo,-,-,3533,RRAS10,35093,MARILIA,351730,Guaimbe,5.512
Sudeste,Sao Paulo,-,-,3533,RRAS10,35093,MARILIA,355550,Ubirajara,5.132
Sudeste,Sao Paulo,-,-,3533,RRAS10,35093,MARILIA,350980,Campos Novos Paulista,4.888
Sudeste,Sao Paulo,-,-,3533,RRAS10,35091,ADAMANTINA,354510,Salmourao,4.808
Sudeste,Sao Paulo,-,-,3533,RRAS10,35093,MARILIA,350140,Alvaro de Carvalho,4.808
Sudeste,Sao Paulo,-,-,3533,RRAS10,35094,OURINHOS,354320,Ribeirao do Sul,4.677
Sudeste,Sao Paulo,-,-,3533,RRAS10,35093,MARILIA,353370,Ocaucu,4.331
Sudeste,Sao Paulo,-,-,3533,RRAS10,35093,MARILIA,352580,Julio Mesquita,4.254
Sudeste,Sao Paulo,-,-,3533,RRAS10,35094,OURINHOS,351519,Espirito Santo do Turvo,4.157
Sudeste,Sao Paulo,-,-,3533,RRAS10,35093,MARILIA,352780,Lupercio,3.981
Sudeste,Sao Paulo,-,-,3533,RRAS10,35092,ASSIS,351610,Florinea,3.851
Sudeste,Sao Paulo,-,-,3533,RRAS10,35091,ADAMANTINA,352080,Inubia Paulista,3.615
Sudeste,Sao Paulo,-,-,3533,RRAS10,35091,ADAMANTINA,352890,Mariapolis,3.513
Sudeste,Sao Paulo,-,-,3533,RRAS10,35095,TUPA,354180,Queiroz,3.265
Sudeste,Sao Paulo,-,-,3533,RRAS10,35092,ASSIS,353970,Platina,3.025
Sudeste,Sao Paulo,-,-,3533,RRAS10,35093,MARILIA,350150,Alvinlandia,2.885
Sudeste,Sao Paulo,-,-,3533,RRAS10,35092,ASSIS,353715,Pedrinhas Paulista,2.804
Sudeste,Sao Paulo,-,-,3533,RRAS10,35092,ASSIS,352790,Lutecia,2.661
Sudeste,Sao Paulo,-,-,3533,RRAS10,35091,ADAMANTINA,354085,Pracinha,2.578
Sudeste,Sao Paulo,-,-,3533,RRAS10,35094,OURINHOS,353380,Oleo,2.512
Sudeste,Sao Paulo,-,-,3533,RRAS10,35091,ADAMANTINA,354470,Sagres,2.474
Sudeste,Sao Paulo,-,-,3533,RRAS10,35093,MARILIA,353450,Oscar Bressane,2.470
Sudeste,Sao Paulo,-,-,3533,RRAS10,35094,OURINHOS,355460,Timburi,2.464
Sudeste,Sao Paulo,-,-,3533,RRAS10,35092,ASSIS,351330,Cruzalia,2.108
Sudeste,Sao Paulo,-,-,3533,RRAS10,35095,TUPA,350335,Arco-Iris,2.044
Sudeste,Sao Paulo,-,-,3533,RRAS10,35093,MARILIA,351565,Fernao,1.656
Sudeste,Sao Paulo,-,-,3533,RRAS10,35092,ASSIS,350720,Bora,907
Sudeste,Sao Paulo,-,-,3534,RRAS1,35015,GRANDE ABC,354870,Sao Bernardo do Campo,810.729
Sudeste,Sao Paulo,-,-,3534,RRAS1,35015,GRANDE ABC,354780,Santo Andre,748.919
Sudeste,Sao Paulo,-,-,3534,RRAS1,35015,GRANDE ABC,352940,Maua,418.261
Sudeste,Sao Paulo,-,-,3534,RRAS1,35015,GRANDE ABC,351380,Diadema,393.237
Sudeste,Sao Paulo,-,-,3534,RRAS1,35015,GRANDE ABC,354880,Sao Caetano do Sul,165.655
Sudeste,Sao Paulo,-,-,3534,RRAS1,35015,GRANDE ABC,354330,Ribeirao Pires,115.559
Sudeste,Sao Paulo,-,-,3534,RRAS1,35015,GRANDE ABC,354410,Rio Grande da Serra,44.170
Sudeste,Sao Paulo,-,-,3535,RRAS18,35032,CORACAO DO DRS III,354890,Sao Carlos,254.857
Sudeste,Sao Paulo,-,-,3535,RRAS18,35031,CENTRAL DO DRS III,350320,Araraquara,242.228
Sudeste,Sao Paulo,-,-,3535,RRAS18,35033,NOROESTE DO DRS III,352930,Matao,79.033
Sudeste,Sao Paulo,-,-,3535,RRAS18,35033,NOROESTE DO DRS III,351960,Ibitinga,60.033
Sudeste,Sao Paulo,-,-,3535,RRAS18,35032,CORACAO DO DRS III,354070,Porto Ferreira,52.649
Sudeste,Sao Paulo,-,-,3535,RRAS18,35033,NOROESTE DO DRS III,355370,Taquaritinga,52.260
Sudeste,Sao Paulo,-,-,3535,RRAS18,35033,NOROESTE DO DRS III,352270,Itapolis,39.493
Sudeste,Sao Paulo,-,-,3535,RRAS18,35031,CENTRAL DO DRS III,350170,Americo Brasiliense,33.019
Sudeste,Sao Paulo,-,-,3535,RRAS18,35032,CORACAO DO DRS III,351930,Ibate,32.178
Sudeste,Sao Paulo,-,-,3535,RRAS18,35032,CORACAO DO DRS III,351370,Descalvado,31.756
Sudeste,Sao Paulo,-,-,3535,RRAS18,35033,NOROESTE DO DRS III,355270,Tabatinga,14.769
Sudeste,Sao Paulo,-,-,3535,RRAS18,35033,NOROESTE DO DRS III,350740,Borborema,14.226
Sudeste,Sao Paulo,-,-,3535,RRAS18,35031,CENTRAL DO DRS III,350670,Boa Esperanca do Sul,12.978
Sudeste,Sao Paulo,-,-,3535,RRAS18,35032,CORACAO DO DRS III,354290,Ribeirao Bonito,10.989
Sudeste,Sao Paulo,-,-,3535,RRAS18,35033,NOROESTE DO DRS III,353290,Nova Europa,9.311
Sudeste,Sao Paulo,-,-,3535,RRAS18,35031,CENTRAL DO DRS III,354370,Rincao,9.098
Sudeste,Sao Paulo,-,-,3535,RRAS18,35033,NOROESTE DO DRS III,351400,Dobrada,8.759
Sudeste,Sao Paulo,-,-,3535,RRAS18,35032,CORACAO DO DRS III,351430,Dourado,8.096
Sudeste,Sao Paulo,-,-,3535,RRAS18,35031,CENTRAL DO DRS III,354690,Santa Lucia,7.149
Sudeste,Sao Paulo,-,-,3535,RRAS18,35033,NOROESTE DO DRS III,354650,Santa Ernestina,6.118
Sudeste,Sao Paulo,-,-,3535,RRAS18,35031,CENTRAL DO DRS III,351685,Gaviao Peixoto,4.702
Sudeste,Sao Paulo,-,-,3535,RRAS18,35031,CENTRAL DO DRS III,353205,Motuca,4.034
Sudeste,Sao Paulo,-,-,3535,RRAS18,35033,NOROESTE DO DRS III,351010,Candido Rodrigues,2.889
Sudeste,Sao Paulo,-,-,3535,RRAS18,35031,CENTRAL DO DRS III,355475,Trabiju,1.682
Sudeste,Sao Paulo,-,-,3536,RRAS19,35021,CENTRAL DO DRS II,350280,Aracatuba,200.124
Sudeste,Sao Paulo,-,-,3536,RRAS19,35023,CONSORCIOS DO DRS II,350650,Birigui,118.979
Sudeste,Sao Paulo,-,-,3536,RRAS19,35023,CONSORCIOS DO DRS II,353730,Penapolis,61.679
Sudeste,Sao Paulo,-,-,3536,RRAS19,35022,LAGOS DO DRS II,350210,Andradina,59.783
Sudeste,Sao Paulo,-,-,3536,RRAS19,35021,CENTRAL DO DRS II,351820,Guararapes,31.043
Sudeste,Sao Paulo,-,-,3536,RRAS19,35022,LAGOS DO DRS II,353010,Mirandopolis,27.983
Sudeste,Sao Paulo,-,-,3536,RRAS19,35022,LAGOS DO DRS II,352044,Ilha Solteira,25.549
Sudeste,Sao Paulo,-,-,3536,RRAS19,35021,CENTRAL DO DRS II,355630,Valparaiso,24.241
Sudeste,Sao Paulo,-,-,3536,RRAS19,35022,LAGOS DO DRS II,353740,Pereira Barreto,24.095
Sudeste,Sao Paulo,-,-,3536,RRAS19,35022,LAGOS DO DRS II,351100,Castilho,19.977
Sudeste,Sao Paulo,-,-,3536,RRAS19,35023,CONSORCIOS DO DRS II,350810,Buritama,17.210
Sudeste,Sao Paulo,-,-,3536,RRAS19,35021,CENTRAL DO DRS II,350420,Auriflama,13.692
Sudeste,Sao Paulo,-,-,3536,RRAS19,35023,CONSORCIOS DO DRS II,350440,Avanhandava,11.263
Sudeste,Sao Paulo,-,-,3536,RRAS19,35022,LAGOS DO DRS II,352650,Lavinia,9.689
Sudeste,Sao Paulo,-,-,3536,RRAS19,35021,CENTRAL DO DRS II,354805,Santo Antonio do Aracangua,8.379
Sudeste,Sao Paulo,-,-,3536,RRAS19,35022,LAGOS DO DRS II,351780,Guaracai,7.441
Sudeste,Sao Paulo,-,-,3536,RRAS19,35022,LAGOS DO DRS II,355230,Sud Mennucci,7.355
Sudeste,Sao Paulo,-,-,3536,RRAS19,35021,CENTRAL DO DRS II,350640,Bilac,7.319
Sudeste,Sao Paulo,-,-,3536,RRAS19,35023,CONSORCIOS DO DRS II,351190,Clementina,6.982
Sudeste,Sao Paulo,-,-,3536,RRAS19,35023,CONSORCIOS DO DRS II,350510,Barbosa,5.640
Sudeste,Sao Paulo,-,-,3536,RRAS19,35023,CONSORCIOS DO DRS II,353770,Piacatu,5.519
Sudeste,Sao Paulo,-,-,3536,RRAS19,35023,CONSORCIOS DO DRS II,351250,Coroados,5.400
Sudeste,Sao Paulo,-,-,3536,RRAS19,35023,CONSORCIOS DO DRS II,350770,Brauna,5.356
Sudeste,Sao Paulo,-,-,3536,RRAS19,35023,CONSORCIOS DO DRS II,352770,Luiziania,4.701
Sudeste,Sao Paulo,-,-,3536,RRAS19,35022,LAGOS DO DRS II,353320,Nova Independencia,4.609
Sudeste,Sao Paulo,-,-,3536,RRAS19,35021,CENTRAL DO DRS II,351890,Guzolandia,4.246
Sudeste,Sao Paulo,-,-,3536,RRAS19,35023,CONSORCIOS DO DRS II,351710,Glicerio,4.138
Sudeste,Sao Paulo,-,-,3536,RRAS19,35022,LAGOS DO DRS II,352300,Itapura,3.979
Sudeste,Sao Paulo,-,-,3536,RRAS19,35023,CONSORCIOS DO DRS II,354840,Santopolis do Aguapei,3.899
Sudeste,Sao Paulo,-,-,3536,RRAS19,35023,CONSORCIOS DO DRS II,350110,Alto Alegre,3.841
Sudeste,Sao Paulo,-,-,3536,RRAS19,35022,LAGOS DO DRS II,353210,Murutinga do Sul,3.737
Sudeste,Sao Paulo,-,-,3536,RRAS19,35022,LAGOS DO DRS II,355255,Suzanapolis,3.408
Sudeste,Sao Paulo,-,-,3536,RRAS19,35021,CENTRAL DO DRS II,353330,Nova Luzitania,2.837
Sudeste,Sao Paulo,-,-,3536,RRAS19,35023,CONSORCIOS DO DRS II,351650,Gabriel Monteiro,2.763
Sudeste,Sao Paulo,-,-,3536,RRAS19,35021,CENTRAL DO DRS II,354440,Rubiacea,2.700
Sudeste,Sao Paulo,-,-,3536,RRAS19,35021,CENTRAL DO DRS II,350620,Bento de Abreu,2.606
Sudeste,Sao Paulo,-,-,3536,RRAS19,35023,CONSORCIOS DO DRS II,350775,Brejo Alegre,2.565
Sudeste,Sao Paulo,-,-,3536,RRAS19,35023,CONSORCIOS DO DRS II,352725,Lourdes,1.950
Sudeste,Sao Paulo,-,-,3536,RRAS19,35023,CONSORCIOS DO DRS II,355520,Turiuba,1.818
Sudeste,Sao Paulo,-,-,3536,RRAS19,35021,CENTRAL DO DRS II,353286,Nova Castilho,1.062
